source_file,label,rpm,segment_index,rms-average,rms-stdev,rms-average + rms-stdev,kurtosis-average,kurtosis-stdev,peak-average,peak-stdev
ib600_2.csv,Inner Race Fault,600,0,0.12409142643407851,0.06995626735201094,0.19404769378608944,31.679759543451446,42.12938646006366,1.3724083374944067,1.3127345054756498
ib600_2.csv,Inner Race Fault,600,1,0.1591099456697882,0.06158297944982555,0.22069292511961375,79.69233600069897,66.76333089639871,2.245132790960916,1.1178983086859304
ib600_2.csv,Inner Race Fault,600,2,0.11929099283233584,0.06456634722963293,0.18385734006196877,57.12385017018612,59.056994376210966,1.599122374029665,1.001139406199434
ib600_2.csv,Inner Race Fault,600,3,0.13582532970913921,0.0943573056874731,0.23018263539661232,36.822118573884936,50.51002847842329,1.3698017887290137,1.2509114237952883
ib600_2.csv,Inner Race Fault,600,4,0.14334921561987177,0.0820773074085733,0.22542652302844507,35.26205747635578,36.36669558032269,1.5397180879868533,1.0770330659010967
ib600_2.csv,Inner Race Fault,600,5,0.12393262277227166,0.07711693241122079,0.20104955518349243,45.02373881191578,46.573594005149154,1.5039240399961202,0.9794324532599927
ib600_2.csv,Inner Race Fault,600,6,0.12394801936126365,0.08362246341894054,0.20757048278020418,49.94951800955671,83.38169332623951,1.360043829434168,1.179257665639617
ib600_2.csv,Inner Race Fault,600,7,0.13637871582109962,0.07263460877670862,0.20901332459780825,44.67862866204519,41.43189169150627,1.5521302728016502,1.1380556820935903
ib600_2.csv,Inner Race Fault,600,8,0.10687973670741144,0.0503897333310219,0.15726947003843333,56.01659757793559,85.80483329562135,1.2497316919975,1.2433308508469174
ib600_2.csv,Inner Race Fault,600,9,0.15700051779382468,0.08807314645541948,0.24507366424924415,61.34181599184042,71.12442985763592,1.834485486891468,1.2535481092198697
ib600_2.csv,Inner Race Fault,600,10,0.09558567199619952,0.032767479920616564,0.1283531519168161,47.61750651468089,65.62586655186115,1.099320250272356,1.14060051383644
ib600_2.csv,Inner Race Fault,600,11,0.16277117254173257,0.09320901902562319,0.25598019156735574,40.94206586326226,35.19004120599345,1.7412792685497434,1.147095691127236
ib600_2.csv,Inner Race Fault,600,12,0.09597908832785036,0.028966158210054178,0.12494524653790454,52.96463891645944,72.31948392198643,1.260977965395452,1.2969805630644853
ib600_2.csv,Inner Race Fault,600,13,0.13591607255022659,0.06503127885575782,0.2009473514059844,65.43970374777837,58.643533331069996,1.8391105400431242,0.9915629659387232
ib600_2.csv,Inner Race Fault,600,14,0.1042661825480006,0.041575627333057814,0.1458418098810584,52.999509949656996,75.31960614038624,1.3166341512229072,1.2547693365769261
ib600_2.csv,Inner Race Fault,600,15,0.1295013921255816,0.06888332286643668,0.19838471499201826,66.86662727866153,65.33304504920984,1.7691486171672266,1.2210291731836869
ib600_2.csv,Inner Race Fault,600,16,0.11296426594917644,0.05918688726970007,0.1721511532188765,38.76602329184745,49.410970250396524,1.38382631226421,1.0684280778187292
ib600_2.csv,Inner Race Fault,600,17,0.15756100487763391,0.07963041568878941,0.23719142056642334,43.657857814492786,38.00111469889116,1.899585621929932,1.2586263279908074
ib600_2.csv,Inner Race Fault,600,18,0.12810867336957224,0.06876609962060426,0.1968747729901765,35.35013189672787,45.32824698402211,1.4305958551956424,1.2455344530719958
ib600_2.csv,Inner Race Fault,600,19,0.12355641018771654,0.05812333999616822,0.18167975018388477,92.09971089277222,93.43261820315364,1.7423488442686967,1.216757136248158
ib600_2.csv,Inner Race Fault,600,20,0.10179602049507068,0.040657841780844466,0.14245386227591514,42.026744296920675,58.87317731219765,1.2407508575777517,0.9930486273471567
ib600_2.csv,Inner Race Fault,600,21,0.12083241113620793,0.04953991410515862,0.17037232524136656,80.60182398890322,74.80474027447269,1.8316660715716,1.2164121129181478
ib600_2.csv,Inner Race Fault,600,22,0.1452632741431955,0.09869157569349546,0.24395484983669097,26.255435285138464,36.97051535405896,1.313126382330295,1.314994533905686
ib600_2.csv,Inner Race Fault,600,23,0.17556224402352338,0.09407156132880565,0.26963380535232906,42.49234326996527,31.780358049794277,1.9373767256477312,1.134298722301307
ib600_2.csv,Inner Race Fault,600,24,0.1354691669563684,0.08507721607416226,0.22054638303053065,24.378655985019105,32.9537632576392,1.248688026189691,1.2969857532816027
ib600_2.csv,Inner Race Fault,600,25,0.1387837595527511,0.07885119878545953,0.21763495833821062,66.49789371111996,68.63424187970662,1.6914627757353031,1.1997230975212216
ib600_2.csv,Inner Race Fault,600,26,0.10857533152341162,0.05461139571644312,0.16318672723985472,39.269393282472734,49.04776797809757,1.3002715551669117,1.0145255731504765
ib600_2.csv,Inner Race Fault,600,27,0.11068425926148728,0.03692485206485647,0.14760911132634374,67.15646304122829,70.09089583040868,1.5191956126205626,1.0729226086386345
ib600_2.csv,Inner Race Fault,600,28,0.142496755162146,0.07242458279208762,0.21492133795423363,51.020132000027445,45.65190471832962,1.7093982954108142,1.1669201327054892
ib600_2.csv,Inner Race Fault,600,29,0.1826914896521626,0.09880201552571062,0.2814935051778732,38.90275338478599,37.47734132985447,1.8672242263960193,1.4056050154868829
ib600_2.csv,Inner Race Fault,600,30,0.10421881838346943,0.03929168682329833,0.14351050520676775,48.234684938295736,67.59744771687717,1.2711683569030547,1.176958464868303
ib600_2.csv,Inner Race Fault,600,31,0.12733872747788383,0.07142471579247898,0.19876344327036283,37.116992054826014,34.72819373298473,1.4826937936938862,1.1507201511433065
ib600_2.csv,Inner Race Fault,600,32,0.1235878638451409,0.07341049268487408,0.19699835653001496,43.880443110934834,66.88752242793262,1.3393887035736318,1.338940882938921
ib600_2.csv,Inner Race Fault,600,33,0.13770762828540092,0.062299506340733904,0.20000713462613484,49.33260891410124,41.5438748260297,1.754205405472229,0.9388786034510089
ib600_2.csv,Inner Race Fault,600,34,0.11426597640504506,0.04330383829121739,0.15756981469626244,36.560376357758194,34.808244554439916,1.390073973535568,1.039271084062446
ib600_2.csv,Inner Race Fault,600,35,0.11897624896167738,0.04688154227810029,0.16585779123977767,83.07450119265057,80.91939485581953,1.800663308779405,1.1532709955756355
ib600_2.csv,Inner Race Fault,600,36,0.1312910000416288,0.09415233668427055,0.22544333672589933,42.42031729985918,53.93885458969119,1.4106299618994813,1.1197024456259996
ib600_2.csv,Inner Race Fault,600,37,0.15683269115415477,0.0898127592257509,0.24664545037990565,66.95293432053165,84.46240847489607,1.7860627687518895,1.1324686576874272
ib600_2.csv,Inner Race Fault,600,38,0.11748370489843471,0.07265071199415582,0.19013441689259053,33.23884694590181,45.08778721987864,1.2881389683803488,1.2462898728357632
ib600_2.csv,Inner Race Fault,600,39,0.18850637277968277,0.11206222890396736,0.3005686016836501,51.22961419530518,41.231520920895726,2.1260967501767416,0.8844200797928646
ib800_2.csv,Inner Race Fault,800,0,0.31254912821408165,0.17076287259309858,0.48331200080718023,94.13457374972056,43.64952338760982,4.6567915965618685,1.9804625422049755
ib800_2.csv,Inner Race Fault,800,1,0.33671586741507314,0.1635525858324668,0.5002684532475399,107.99624168755022,38.08439627768567,5.399662316529496,1.5915752308266176
ib800_2.csv,Inner Race Fault,800,2,0.3285963552578333,0.15105093126334496,0.4796472865211783,91.9650700365303,61.052725988136025,5.1344324333154585,2.457119814803022
ib800_2.csv,Inner Race Fault,800,3,0.284923878527806,0.12567452487447317,0.41059840340227916,114.73643980644695,101.12513162704528,4.794968082174976,2.824044626523938
ib800_2.csv,Inner Race Fault,800,4,0.27607013993072554,0.17392527544144246,0.44999541537216803,75.20505633326499,63.44209642417177,4.011799748879794,2.490657461620224
ib800_2.csv,Inner Race Fault,800,5,0.16866635627115834,0.03770538148134412,0.20637173775250245,78.96283595192719,99.0321505148854,2.8199812512280467,2.112398542901959
ib800_2.csv,Inner Race Fault,800,6,0.3416401602272453,0.11268335385938884,0.45432351408663413,99.7040804775224,45.24029152403995,5.387830829538362,2.0020209194843788
ib800_2.csv,Inner Race Fault,800,7,0.3752830266830216,0.1707360690284839,0.5460190957115055,79.84069652282136,38.60192486725222,5.2463460749236575,2.1676287548688937
ib800_2.csv,Inner Race Fault,800,8,0.3057364331882799,0.11679257295581143,0.42252900614409133,133.66688621344042,86.97556870968269,5.401393545748278,2.1935011330472296
ib800_2.csv,Inner Race Fault,800,9,0.4058994871291885,0.08385232169927968,0.4897518088284682,97.98561555363457,24.68826439506592,6.199387970349795,0.8737739541068159
ib800_2.csv,Inner Race Fault,800,10,0.24904989339436284,0.10075254698628316,0.349802440380646,114.00825751857374,107.717385957745,4.387631541742149,2.1420801586307068
ib800_2.csv,Inner Race Fault,800,11,0.2937280283546819,0.1253976121696472,0.4191256405243291,88.16908483413258,41.53021224166987,4.752314679876878,2.029166375812247
ib800_2.csv,Inner Race Fault,800,12,0.312191121122542,0.0916166466793346,0.4038077678018766,105.8264951556378,32.44951917820961,5.315900291692015,1.4028374073277967
ib800_2.csv,Inner Race Fault,800,13,0.30880118113924776,0.14082331509216525,0.449624496231413,88.82612255441927,42.38734797329385,4.764296594005061,2.0175089359469425
ib800_2.csv,Inner Race Fault,800,14,0.20412658468203757,0.06982673535912796,0.2739533200411655,102.45431235416031,96.76295791718348,3.5466492942231596,2.115495179584998
ib800_2.csv,Inner Race Fault,800,15,0.41087062740475694,0.1467823337898532,0.5576529611946102,116.71506899212557,50.42558834888617,6.262280087456888,1.2441173560091363
ib800_2.csv,Inner Race Fault,800,16,0.3586616998331206,0.22490490678136346,0.583566606614484,74.47556682324378,56.60672379369523,4.843131932961832,3.0175436455787557
ib800_2.csv,Inner Race Fault,800,17,0.2984626103801562,0.14949629647234328,0.4479589068524995,86.66543068915017,69.72881938538609,4.761655217036916,2.6723988544394603
ib800_2.csv,Inner Race Fault,800,18,0.24375883252003291,0.09166132668520591,0.3354201592052388,105.81917777292861,55.36909910004156,4.158445825480412,1.4996476722627765
ib800_2.csv,Inner Race Fault,800,19,0.315324090022518,0.14605143918729532,0.4613755292098133,124.40030765764632,28.6002158876016,5.196969730747843,1.795353843210098
ib800_2.csv,Inner Race Fault,800,20,0.2682842424234312,0.13840036132915737,0.4066846037525885,67.44689477336286,47.635487695721764,4.073450649162891,2.5124856119661723
ib800_2.csv,Inner Race Fault,800,21,0.4212846164317,0.20465009162431902,0.625934708056019,92.97370708620898,87.21799006564495,5.657123358549361,2.6048651888117242
ib800_2.csv,Inner Race Fault,800,22,0.28884682116054433,0.14877780956020978,0.4376246307207541,59.28113325404233,67.34706048847487,3.790188454133772,2.816509257106665
ib800_2.csv,Inner Race Fault,800,23,0.33364784342107645,0.15629097569271427,0.4899388191137907,117.00419005842991,76.96394794895612,5.209931395489719,2.357509789086328
ib800_2.csv,Inner Race Fault,800,24,0.3460004558878339,0.16697248295408212,0.512972938841916,122.24321804998536,100.93856595730983,5.398162324519582,2.4737070742328777
ib800_2.csv,Inner Race Fault,800,25,0.35200399978488167,0.15551272047321976,0.5075167202581015,79.96075314501005,50.47570962769089,4.9249606229760285,2.642108379269628
ib800_2.csv,Inner Race Fault,800,26,0.3290468422738854,0.15051410697749817,0.4795609492513836,110.90161807360725,70.8106975112768,5.282805217495502,2.5954224058040682
ib800_2.csv,Inner Race Fault,800,27,0.3069943082544249,0.15958714734825724,0.46658145560268216,94.67059910002044,76.61252585672247,4.6815004429561755,2.630267398910748
ib800_2.csv,Inner Race Fault,800,28,0.2665309083040618,0.12587371152675564,0.3924046198308174,96.26450319900123,77.34927559699156,4.300279426275631,2.5822882684044837
ib800_2.csv,Inner Race Fault,800,29,0.28968083810697026,0.168080724405376,0.45776156251234623,101.78481779295882,62.448844863333186,4.5780604659231035,2.484714410787428
ib800_2.csv,Inner Race Fault,800,30,0.28347622240620857,0.16459939618909003,0.4480756185952986,101.62754805446917,96.31565108208812,4.646258642503855,2.7979348499628647
ib800_2.csv,Inner Race Fault,800,31,0.31758165907520686,0.12965079529506512,0.447232454370272,85.10145653867929,62.194501413969654,4.893457645212307,2.3340960250267426
ib800_2.csv,Inner Race Fault,800,32,0.3021075722858138,0.184160366882667,0.48626793916848077,56.82240709227326,52.14043481493597,4.018428629425604,2.8479429327985604
ib800_2.csv,Inner Race Fault,800,33,0.35876064108711103,0.19520174161859513,0.5539623827057062,92.67079588043528,60.084729562498076,5.116299501745626,2.3255936236292167
ib800_2.csv,Inner Race Fault,800,34,0.3953869074801017,0.2313480617938814,0.6267349692739831,73.6419205510822,28.228836780826274,5.251380486748867,2.38940270956291
ib800_2.csv,Inner Race Fault,800,35,0.3562625928071799,0.1754073428909603,0.5316699356981403,86.71783007576616,9.436511027229107,4.97135129774364,1.8918905211762498
ib800_2.csv,Inner Race Fault,800,36,0.23162307759531858,0.1632652987106338,0.3948883763059524,49.56665525631879,36.34482530976314,3.0016320921810973,2.2678035081205947
ib800_2.csv,Inner Race Fault,800,37,0.34906287373821915,0.15823444465355435,0.5072973183917735,105.04787403848263,61.99865512783385,5.39276941646725,2.083172580755131
ib800_2.csv,Inner Race Fault,800,38,0.32850888211016843,0.129898324107465,0.4584072062176334,118.56183280847681,71.73474729627742,5.538444244347656,2.510392865798177
ib800_2.csv,Inner Race Fault,800,39,0.29618981338284717,0.19982595243612594,0.4960157658189731,64.72525715224103,39.88430351198709,4.018549585340639,2.4029993078527903
ib1000_2.csv,Inner Race Fault,1000,0,0.3193169143481639,0.0807258418336116,0.4000427561817755,90.15739853230123,49.28470156544131,5.087306711742686,1.270365049520378
ib1000_2.csv,Inner Race Fault,1000,1,0.39770314307706006,0.2031944100479699,0.60089755312503,71.84687883444008,63.46894273159581,5.16749049134451,2.1079041301781025
ib1000_2.csv,Inner Race Fault,1000,2,0.42431725804387066,0.17823430396022916,0.6025515620040998,70.11743580926328,45.371295413244205,5.51225974700863,2.5668475256452243
ib1000_2.csv,Inner Race Fault,1000,3,0.37381082135569144,0.1752477744205068,0.5490585957761982,86.505227513179,21.855538054948475,5.880326889685028,1.2538714639916944
ib1000_2.csv,Inner Race Fault,1000,4,0.30325461082778904,0.07460014130176507,0.3778547521295541,85.83494217606413,29.782486475310243,5.136565434548549,1.3388254611295458
ib1000_2.csv,Inner Race Fault,1000,5,0.24592469860671531,0.05622176301656794,0.30214646162328324,45.22203998453797,50.683815823146645,3.322129305050601,2.1282376719970975
ib1000_2.csv,Inner Race Fault,1000,6,0.38725269759501396,0.1532558557092858,0.5405085533042997,63.1620715598787,24.10115019661431,5.134457839840449,1.5923145059055643
ib1000_2.csv,Inner Race Fault,1000,7,0.4021965095268819,0.2024490518945828,0.6046455614214648,57.01099170213568,35.0457324954322,4.875259360226255,2.520249358661898
ib1000_2.csv,Inner Race Fault,1000,8,0.3090579734008613,0.13477291767674346,0.44383089107760476,78.61793789295078,58.874994664571894,4.585018916547416,2.32575114061494
ib1000_2.csv,Inner Race Fault,1000,9,0.4032519833430377,0.17486566620188135,0.5781176495449191,79.52583230145709,26.509659729654306,5.930259632491574,1.418581705944884
ib1000_2.csv,Inner Race Fault,1000,10,0.36579352195235765,0.10379777864653036,0.469591300598888,107.49188641141572,29.895260652076644,6.009392367805243,1.0323283814125968
ib1000_2.csv,Inner Race Fault,1000,11,0.3407358399373187,0.0488352970980334,0.3895711370353521,112.02220281975515,32.59982573774116,6.189516781647951,0.9035564411899265
ib1000_2.csv,Inner Race Fault,1000,12,0.44186069606766115,0.12670112716695253,0.5685618232346137,86.02797000955067,18.57562843166171,6.315808086138471,0.9292185267461881
ib1000_2.csv,Inner Race Fault,1000,13,0.35231151012820244,0.16671177004463567,0.519023280172838,76.92036561496568,51.83706353781202,5.088218960376769,2.0447046141467
ib1000_2.csv,Inner Race Fault,1000,14,0.43866932184425644,0.1630764119902813,0.6017457338345378,84.10734074927537,31.118544823962363,6.137258887658095,1.1034606272866534
ib1000_2.csv,Inner Race Fault,1000,15,0.40412301945607154,0.12688488056890565,0.5310079000249772,104.7096347503967,54.484062532117385,6.263471182817347,1.5658140768722681
ib1000_2.csv,Inner Race Fault,1000,16,0.40684805349988096,0.1825236727353119,0.5893717262351928,68.64387704434196,37.51275649419493,5.297186483635569,1.643501107565415
ib1000_2.csv,Inner Race Fault,1000,17,0.2743064653637835,0.03812305426828881,0.31242951963207233,79.73242234773946,32.88082627852672,4.922901702648266,1.4409495059555488
ib1000_2.csv,Inner Race Fault,1000,18,0.40702864610708767,0.17171978684029574,0.5787484329473834,87.25449288865536,26.20003509609705,6.020210548037835,1.0565205708791205
ib1000_2.csv,Inner Race Fault,1000,19,0.3288883630412574,0.0880428041915472,0.4169311672328046,83.85835850286209,47.9838557012421,5.406158338512222,1.7583312285864356
ib1000_2.csv,Inner Race Fault,1000,20,0.4692463505240759,0.14393335252408182,0.6131797030481577,84.4190884278451,36.215920418403606,6.273987333267459,0.9394707289112828
ib1000_2.csv,Inner Race Fault,1000,21,0.37946372351845126,0.16941796397946915,0.5488816874979204,83.17546136748948,34.49503145124022,5.723258197223368,1.594376011745919
ib1000_2.csv,Inner Race Fault,1000,22,0.3234346852134805,0.1258606118359973,0.4492952970494778,84.86617487945047,44.941959030305874,5.268295741558113,1.7374559310573234
ib1000_2.csv,Inner Race Fault,1000,23,0.33796215664784846,0.1437919535409063,0.48175411018875475,100.35231410036927,64.26053618029233,5.292699580999283,1.881031962228597
ib1000_2.csv,Inner Race Fault,1000,24,0.4817142432635092,0.19388027718838613,0.6755945204518954,51.90811864535558,30.752907496220907,5.480249388689591,2.603706892153828
ib1000_2.csv,Inner Race Fault,1000,25,0.33346947609076205,0.19866969163983594,0.532139167730598,60.71975239652348,59.91637319256723,4.2729017527035635,2.5799905529274825
ib1000_2.csv,Inner Race Fault,1000,26,0.3403148052660056,0.146903821976523,0.4872186272425286,99.94277058437531,49.18217226756767,5.78447982000745,1.389994410282314
ib1000_2.csv,Inner Race Fault,1000,27,0.30853055819841024,0.12414881308579248,0.43267937128420275,75.4382979983154,49.10340533558669,4.752610489151046,1.813084821008647
ib1000_2.csv,Inner Race Fault,1000,28,0.3849318337976053,0.08623608484013068,0.471167918637736,69.1512494196219,11.648140037082777,5.523422666273556,1.1383754246937314
ib1000_2.csv,Inner Race Fault,1000,29,0.33553376212733915,0.14392677129446915,0.4794605334218083,94.15442444524078,55.9780070376536,5.493789282460466,1.8259661035902917
ib1000_2.csv,Inner Race Fault,1000,30,0.3163571551538926,0.1066941667175481,0.42305132187144073,94.00662000319032,66.71121871467496,5.095283447058075,2.1960948520844883
ib1000_2.csv,Inner Race Fault,1000,31,0.4191746644031419,0.13554324035675386,0.5547179047598958,68.87093244859133,30.035383302570864,5.537220272081049,1.7975576439004266
ib1000_2.csv,Inner Race Fault,1000,32,0.3857049459931441,0.10360062773420886,0.48930557372735295,107.32149502475929,34.08269291206247,6.552214791929643,0.47268183593947966
ib1000_2.csv,Inner Race Fault,1000,33,0.36113477331053745,0.16559196464070727,0.5267267379512447,54.04471392137462,14.652729323367438,4.776547046869206,1.7925041132128225
ib1000_2.csv,Inner Race Fault,1000,34,0.3828737202480672,0.11277941913174178,0.495653139379809,93.87846110671924,63.97124698951919,5.7515031586482355,1.6642699665816698
ib1000_2.csv,Inner Race Fault,1000,35,0.31508022114963846,0.11046698741619904,0.4255472085658375,88.88059009175268,30.378104108014806,5.289569349692178,1.3617879836745288
ib1000_2.csv,Inner Race Fault,1000,36,0.38092224051503704,0.18664282070599558,0.5675650612210326,84.00205497468878,41.82144925297424,5.70334845137546,1.4799147835471118
ib1000_2.csv,Inner Race Fault,1000,37,0.2957002887648402,0.059129480857993306,0.3548297696228335,84.29269185725386,34.6737338034218,4.96246117040617,1.1080378089395237
ib1000_2.csv,Inner Race Fault,1000,38,0.4004529686262631,0.11642565587345512,0.5168786244997182,120.67211693097947,57.06586979783734,6.5417062258316205,0.5557198950104301
ib1000_2.csv,Inner Race Fault,1000,39,0.3306723152732565,0.16271357042250326,0.4933858856957598,69.38819895848928,59.613235349812136,4.501795499671457,2.540469045246199
ob600_2.csv,Outer Race Fault,600,0,0.33826476714671627,0.07132457815209693,0.4095893452988132,157.45085465796055,125.82452127607827,6.652691938881969,0.6114008587951766
ob600_2.csv,Outer Race Fault,600,1,0.2657292627902817,0.0405599922076235,0.3062892549979052,165.96669070974096,78.02941472597121,5.613397879888309,0.8612211321162614
ob600_2.csv,Outer Race Fault,600,2,0.3005305153782646,0.043116862858770484,0.34364737823703506,122.3269602065088,34.8402484572683,5.8441734673919274,1.0011780966992385
ob600_2.csv,Outer Race Fault,600,3,0.27906620053121206,0.026815456475116864,0.3058816570063289,233.3994222808863,113.88298236580006,6.503133679071451,0.776544562404798
ob600_2.csv,Outer Race Fault,600,4,0.29305086340089853,0.047078026495681144,0.3401288898965797,136.62640232153157,67.4382278069104,5.4509100896808045,0.8594394373676525
ob600_2.csv,Outer Race Fault,600,5,0.292573336460081,0.04600636434308289,0.3385797008031639,199.46978195825545,110.68201173233916,6.593507632457775,0.6300209389128216
ob600_2.csv,Outer Race Fault,600,6,0.31365488024762467,0.04368087535941853,0.3573357556070432,114.6191512409675,28.213168306977863,5.902004854600462,0.648014408227078
ob600_2.csv,Outer Race Fault,600,7,0.2992841652981028,0.03437096939422548,0.33365513469232827,162.10195712352552,49.23275272878662,6.2606730102741865,0.912470966987473
ob600_2.csv,Outer Race Fault,600,8,0.3045689072382723,0.02684574018595511,0.3314146474242274,170.1274782113767,48.26134215584022,6.487974890171674,0.5608997654458768
ob600_2.csv,Outer Race Fault,600,9,0.31226207879928103,0.02580591170281358,0.33806799050209463,143.8123967208926,42.310336136943725,6.370768051704211,0.6947600136891047
ob600_2.csv,Outer Race Fault,600,10,0.31226188093698937,0.06454558440170399,0.37680746533869336,148.09595522701036,52.58111012144132,6.34072143422377,1.014575953725257
ob600_2.csv,Outer Race Fault,600,11,0.3060453213242823,0.0303138450212805,0.3363591663455628,162.71394483154694,44.44696288765344,6.667387614735004,0.746578063960867
ob600_2.csv,Outer Race Fault,600,12,0.29708550479737517,0.06199612208530336,0.35908162688267853,163.9875711511239,70.72508288629159,6.207457792424906,1.0275318955828736
ob600_2.csv,Outer Race Fault,600,13,0.3596308133777923,0.07767935713848925,0.4373101705162815,114.34892531872273,42.99787624983586,6.345329992829505,0.8506663884358878
ob600_2.csv,Outer Race Fault,600,14,0.29302490310923524,0.04583896042465998,0.3388638635338952,182.50050522785398,134.47494720562253,6.044563737131452,1.4709638475805642
ob600_2.csv,Outer Race Fault,600,15,0.3089957889129346,0.07718731367327303,0.38618310258620764,137.21546607057766,43.374689250399555,5.80993204154529,1.1765130368562764
ob600_2.csv,Outer Race Fault,600,16,0.30738109201486874,0.058004541348253495,0.36538563336312224,195.1595319960026,140.24541726355906,6.402845103625618,0.6397860059447523
ob600_2.csv,Outer Race Fault,600,17,0.3045283105524836,0.0676231212617558,0.3721514318142394,149.07465302754312,82.41207503891137,6.2681747642492835,0.7562917203416825
ob600_2.csv,Outer Race Fault,600,18,0.29006538308495594,0.04016466246028653,0.3302300455452425,172.67315174024978,50.92612647231177,6.15496533469282,1.2236952191516435
ob600_2.csv,Outer Race Fault,600,19,0.29466598333921634,0.10096277502787392,0.39562875836709027,138.94423114801955,54.91162998262447,5.812798957179572,2.282418637474056
ob600_2.csv,Outer Race Fault,600,20,0.268243607553068,0.0358167030934753,0.30406031064654326,235.47472391687947,90.71117216230147,6.383521252103408,0.7060460142587264
ob600_2.csv,Outer Race Fault,600,21,0.3436422603263866,0.06121675330453446,0.4048590136309211,112.25616347637181,60.543467914697544,6.186536485429021,1.0169780075511659
ob600_2.csv,Outer Race Fault,600,22,0.2654159699387029,0.04819745080213594,0.31361342074083887,206.17972274561015,71.35502703707724,5.945988339429781,0.7722067904938156
ob600_2.csv,Outer Race Fault,600,23,0.30404465092833194,0.04443022587033797,0.3484748767986699,159.4157031543638,117.59978079416646,5.919824798984125,0.7337177893869561
ob600_2.csv,Outer Race Fault,600,24,0.2978587029419596,0.046345350493731986,0.3442040534356916,170.94989875450764,84.42640366427696,6.159901190054404,1.0680747523682759
ob600_2.csv,Outer Race Fault,600,25,0.2870111239989269,0.07809054366967012,0.36510166766859703,190.31773096793853,226.744358169998,5.417020531358328,0.8778049899153904
ob600_2.csv,Outer Race Fault,600,26,0.27094126069635804,0.02652776973738734,0.2974690304337454,195.31961807586094,140.11344387206807,5.560726737605558,1.2307279161463018
ob600_2.csv,Outer Race Fault,600,27,0.30400534422139736,0.08047877912396524,0.3844841233453626,218.39868107302428,162.09610395401128,6.774350653541513,0.6837164320161306
ob600_2.csv,Outer Race Fault,600,28,0.31092072014760735,0.04904797319685306,0.3599686933444604,148.54556079890807,89.13991145383278,6.066520707782674,1.0159048127938952
ob600_2.csv,Outer Race Fault,600,29,0.3126435053809365,0.04931054888362117,0.3619540542645577,202.7337750046351,166.49328783382012,6.728283244140715,1.0371553039306578
ob600_2.csv,Outer Race Fault,600,30,0.3086354186449963,0.03483056821727214,0.3434659868622684,116.97936924734624,30.1961903799497,5.871750641106333,0.6492232096227343
ob600_2.csv,Outer Race Fault,600,31,0.27856563857443395,0.04917496139755515,0.3277405999719891,188.63112509651654,42.80678629613539,6.02485506187748,0.5994770282485977
ob600_2.csv,Outer Race Fault,600,32,0.276739055031202,0.04084223167308648,0.3175812867042885,223.48336707129207,116.7947447526561,6.573061729101669,0.9084597480061235
ob600_2.csv,Outer Race Fault,600,33,0.3058489148517373,0.03507600196323867,0.340924916814976,155.85814974113697,76.44827524750934,6.23521223949456,1.0728599547323259
ob600_2.csv,Outer Race Fault,600,34,0.3082266675300529,0.01245066032096531,0.3206773278510182,135.82861832576654,34.062395276621345,6.2261367586725225,0.5647076764218899
ob600_2.csv,Outer Race Fault,600,35,0.2863816586902651,0.039245258186299765,0.32562691687656486,196.38584331691635,129.37075584413105,6.372371930360719,0.7385900936990396
ob600_2.csv,Outer Race Fault,600,36,0.2783394110767373,0.04427947944757161,0.3226188905243089,214.87359827092436,42.70581690482499,6.266697120091472,0.3854501801615432
ob600_2.csv,Outer Race Fault,600,37,0.3031186239870592,0.058486362403706874,0.36160498639076605,196.18959377090886,96.00314614973057,6.7230256961540125,0.8079896610679363
ob600_2.csv,Outer Race Fault,600,38,0.29422468977934935,0.025836779559816923,0.3200614693391663,144.14100756965598,35.83832601501488,5.891383234402916,1.0302890537650506
ob600_2.csv,Outer Race Fault,600,39,0.3179459103096498,0.037476187498762005,0.35542209780841183,144.67489285002236,56.65710001490947,6.246562340926028,0.7280307481323165
ob800_2.csv,Outer Race Fault,800,0,0.5779582218047865,0.07208186191014633,0.6500400837149328,101.27829932980441,40.36636913675978,10.447693189195224,1.5637324152143934
ob800_2.csv,Outer Race Fault,800,1,0.5626030771494775,0.1719407208074782,0.7345437979569558,119.64685073939577,38.684036445372804,10.389856282073655,2.13191164030212
ob800_2.csv,Outer Race Fault,800,2,0.5727153028779839,0.06713484979861689,0.6398501526766007,114.31916017625296,22.803733888962466,10.761318891025297,1.810834254146584
ob800_2.csv,Outer Race Fault,800,3,0.5089071029901658,0.06487759164395085,0.5737846946341167,161.4228672392624,50.28197254933885,10.975853019584857,2.559464120836022
ob800_2.csv,Outer Race Fault,800,4,0.5366456206746549,0.06148143610322498,0.5981270567778799,159.3207384317114,41.94798491075741,11.364429732078868,2.4596562743765102
ob800_2.csv,Outer Race Fault,800,5,0.6048318661125429,0.061908671003240746,0.6667405371157836,119.8785325360719,30.844087443186787,12.17538177043424,0.8322009508162546
ob800_2.csv,Outer Race Fault,800,6,0.5217537472036556,0.050854631784681414,0.572608378988337,154.50960294835585,46.484020853260866,10.5060471122019,1.3352702390131315
ob800_2.csv,Outer Race Fault,800,7,0.5580508527340592,0.0776440710554124,0.6356949237894716,149.19157272328644,19.776301432192458,11.27888226059305,1.5433711368357872
ob800_2.csv,Outer Race Fault,800,8,0.5396043555948333,0.08884344729032008,0.6284478028851535,194.1379701723733,64.36155146206252,12.346517253408441,1.4073595166601538
ob800_2.csv,Outer Race Fault,800,9,0.5874402504605165,0.12236676051589862,0.7098070109764152,92.58970246552906,34.12609112878277,10.40708164733922,1.2169401622343925
ob800_2.csv,Outer Race Fault,800,10,0.5893674188582662,0.07208598226518868,0.6614534011234549,109.66073260974568,30.196184698374655,11.256202210756324,1.7783323353805216
ob800_2.csv,Outer Race Fault,800,11,0.5850165444229594,0.08082237508558335,0.6658389195085427,121.45489997774632,51.9968973039731,11.0068237820713,0.8878758373762166
ob800_2.csv,Outer Race Fault,800,12,0.5323845839378532,0.06614748806438453,0.5985320720022377,122.0808687112024,38.16910642483657,9.916303316534414,2.1900567454305784
ob800_2.csv,Outer Race Fault,800,13,0.5669872000626335,0.05160816135873084,0.6185953614213643,103.15419254595,29.649128800308443,10.47455475874409,2.8679179341279006
ob800_2.csv,Outer Race Fault,800,14,0.6850302455115449,0.1444036824146476,0.8294339279261925,87.48953077936156,40.83026415869627,10.763917008770902,1.365823093143662
ob800_2.csv,Outer Race Fault,800,15,0.5521628340162398,0.08483898758621339,0.6370018216024531,113.66956801671351,43.830121052084166,9.902982321130239,2.555515141757237
ob800_2.csv,Outer Race Fault,800,16,0.6778866308727105,0.15417060145697853,0.8320572323296891,86.83245579285477,23.57496452408964,10.944479452215745,2.0376192827809647
ob800_2.csv,Outer Race Fault,800,17,0.5105766713082444,0.06233097191091393,0.5729076432191583,172.36518039308945,82.11702357229389,10.816409782581248,1.7566683665876948
ob800_2.csv,Outer Race Fault,800,18,0.5423262275287838,0.0572732597499104,0.5995994872786942,142.5979010089177,41.12349060755749,11.279556940283257,1.4959800247023245
ob800_2.csv,Outer Race Fault,800,19,0.5220237126824371,0.05252324812450258,0.5745469608069397,147.1606843200992,68.17784330455078,10.385712646999135,2.0724618124563645
ob800_2.csv,Outer Race Fault,800,20,0.550623117688938,0.13680447243306437,0.6874275901220024,136.0064993812443,37.821899581439325,11.168608663065214,2.6071052479470294
ob800_2.csv,Outer Race Fault,800,21,0.5329461885732143,0.04329407355185424,0.5762402621250685,101.69189905553536,20.573544484927417,9.237445390587201,0.7803116473594673
ob800_2.csv,Outer Race Fault,800,22,0.5371029972826415,0.07108443815412682,0.6081874354367683,128.29601525736172,52.37511118305597,10.753318741895221,2.25954084425513
ob800_2.csv,Outer Race Fault,800,23,0.6322852589123709,0.11859289518671202,0.7508781540990829,103.68768172952566,35.030380637372424,11.279043084167261,1.2813182021284228
ob800_2.csv,Outer Race Fault,800,24,0.5570456105042687,0.06678361168700954,0.6238292221912782,129.17373287948055,39.470017504168254,10.274446938759597,1.9570200147326267
ob800_2.csv,Outer Race Fault,800,25,0.5152165212152335,0.11903655144199407,0.6342530726572276,186.22030070599246,114.49913143867175,11.005086569394914,2.4841226835885655
ob800_2.csv,Outer Race Fault,800,26,0.5261032773870193,0.051793005795490135,0.5778962831825095,121.45393585676284,32.40068231770855,9.521817930530544,1.0909572300577879
ob800_2.csv,Outer Race Fault,800,27,0.6928873768138438,0.16924044813887765,0.8621278249527214,88.55002437914602,47.06363707379703,11.295942578711925,1.8990221537556382
ob800_2.csv,Outer Race Fault,800,28,0.5971866178455418,0.07232422639095357,0.6695108442364954,85.57690893298754,26.43390355229592,10.208166917753314,1.0794954319134415
ob800_2.csv,Outer Race Fault,800,29,0.5178357403634161,0.03781038639104014,0.5556461267544562,146.07698504816892,30.337290108757532,10.879452964630431,1.7670262144607345
ob800_2.csv,Outer Race Fault,800,30,0.6526756879303153,0.08557369159086396,0.7382493795211792,86.27111470271686,14.889834254395431,11.451815617191784,1.7759641514260083
ob800_2.csv,Outer Race Fault,800,31,0.5618808476835198,0.09621367984090987,0.6580945275244297,111.15910315666126,28.796084505494115,9.918265663780767,2.4388620608620175
ob800_2.csv,Outer Race Fault,800,32,0.6027748394000869,0.11639006775488217,0.7191649071549691,102.1209754408622,24.074838413733076,11.296229518326324,2.3326054704477666
ob800_2.csv,Outer Race Fault,800,33,0.5781686619328282,0.06794815549986677,0.646116817432695,99.97886073860653,36.86094634736314,9.9748712899658,0.7605422991323475
ob800_2.csv,Outer Race Fault,800,34,0.5709649226534955,0.06340482177374508,0.6343697444272406,103.9052746587972,26.5596607943432,10.428363677112465,0.9251211326648795
ob800_2.csv,Outer Race Fault,800,35,0.5427416802649059,0.05376829330527997,0.5965099735701859,135.134656187233,49.311271435194264,10.417637140766903,1.6705419052609491
ob800_2.csv,Outer Race Fault,800,36,0.5435375871007778,0.07872975214677029,0.6222673392475481,140.08772413246092,37.000751905729096,11.05025802713288,1.8699714391703206
ob800_2.csv,Outer Race Fault,800,37,0.5731598121154848,0.09954562329274828,0.6727054354082331,101.47894895625583,15.71624928635877,10.057677898787215,1.889037644415703
ob800_2.csv,Outer Race Fault,800,38,0.6709337862652831,0.1231505890207957,0.7940843752860788,77.43470845096206,20.73533984184093,10.510711632727794,1.9158964429573906
ob800_2.csv,Outer Race Fault,800,39,0.6175809200625701,0.07995282242643251,0.6975337424890027,122.03167779555103,43.079174152194916,12.350092446412605,1.4257382790637754
ob1000_2.csv,Outer Race Fault,1000,0,0.6787834366488172,0.11089953782245791,0.7896829744712751,116.36946570403639,41.13259252986553,12.904536134677437,1.60990891911679
ob1000_2.csv,Outer Race Fault,1000,1,0.6500589861068741,0.054310452190614665,0.7043694382974888,128.80901709998696,25.112084762403978,12.129665301739056,0.408008738926115
ob1000_2.csv,Outer Race Fault,1000,2,0.6069415100924326,0.09699201271420257,0.7039335228066351,131.6064373371159,42.9719720806655,11.713493722351542,1.8477569049459623
ob1000_2.csv,Outer Race Fault,1000,3,0.6933762517270934,0.09328101918113117,0.7866572709082246,93.31876795791507,30.729746679538458,12.178939519123428,1.5721637818040555
ob1000_2.csv,Outer Race Fault,1000,4,0.6418419810152124,0.049930753355273694,0.691772734370486,135.92166178802043,28.94008319189196,12.419144811407886,1.327061227980786
ob1000_2.csv,Outer Race Fault,1000,5,0.6379526922837416,0.09312687137347828,0.7310795636572199,108.1702078299598,25.36188667472757,11.578201879910164,2.126798619668285
ob1000_2.csv,Outer Race Fault,1000,6,0.6405646974029497,0.09013939191231177,0.7307040893152615,138.15844389081212,79.74511612129629,12.417098628507532,2.383743266826196
ob1000_2.csv,Outer Race Fault,1000,7,0.7154741820696408,0.09507538414425959,0.8105495662139004,91.21273007295432,37.854651079403,12.523327397907588,1.171718766966822
ob1000_2.csv,Outer Race Fault,1000,8,0.6620799460116429,0.08706415495297627,0.7491441009646191,133.2314152076044,42.346748858878655,13.116822587631736,1.059577721628957
ob1000_2.csv,Outer Race Fault,1000,9,0.6683370646102968,0.05233635039197045,0.7206734150022673,100.89232338432036,38.33988070607645,12.025974271522184,1.825458472704065
ob1000_2.csv,Outer Race Fault,1000,10,0.6253376991470827,0.06682019815487716,0.6921578973019599,151.05989842038267,31.782030818064857,13.079178300576839,0.38426222497421214
ob1000_2.csv,Outer Race Fault,1000,11,0.6305904442382518,0.12565125791228704,0.7562417021505389,116.22361339473893,34.00976649628456,11.674154105955042,1.851980327107476
ob1000_2.csv,Outer Race Fault,1000,12,0.6197716087326914,0.07970079443249732,0.6994724031651888,120.9338706269294,33.491709495859624,12.218336479658399,1.9868035759102936
ob1000_2.csv,Outer Race Fault,1000,13,0.6618086314378095,0.0982150789489689,0.7600237103867784,130.67886157599168,49.08738665458145,13.761209881054373,0.820706784741431
ob1000_2.csv,Outer Race Fault,1000,14,0.741030851000021,0.1432271640146333,0.8842580150146543,79.65938285732665,23.41342167895807,10.888497641859843,1.9841432375922583
ob1000_2.csv,Outer Race Fault,1000,15,0.6348705709737779,0.052957302973420335,0.6878278739471982,119.8698806238572,37.0350808268811,11.793172747444405,1.858834806567267
ob1000_2.csv,Outer Race Fault,1000,16,0.6929169615275874,0.1933814943438282,0.8862984558714156,76.68649348317807,17.90065744859673,10.534269519238297,2.533921929215771
ob1000_2.csv,Outer Race Fault,1000,17,0.6540636240256593,0.14797168844825548,0.8020353124739148,92.60248805865629,24.141240883967733,10.908066599653276,2.2154499623628796
ob1000_2.csv,Outer Race Fault,1000,18,0.6704895238721496,0.09910694437061666,0.7695964682427662,93.56189135500702,24.22264234445689,11.80635232014318,0.8199536123068718
ob1000_2.csv,Outer Race Fault,1000,19,0.7085627627406152,0.14904012178608014,0.8576028845266954,107.82154414798008,51.97145937060679,12.418174613329626,1.7562947016332882
ob1000_2.csv,Outer Race Fault,1000,20,0.6050202088930232,0.09715149784563284,0.702171706738656,128.17921536079712,38.959679293189055,11.82010473256233,1.9269133841708435
ob1000_2.csv,Outer Race Fault,1000,21,0.7452371089766754,0.15263350619270008,0.8978706151693755,91.75278542382954,38.06146892394156,12.845194854332533,1.2662646502907269
ob1000_2.csv,Outer Race Fault,1000,22,0.6219543387423555,0.09196150995605655,0.7139158486984121,115.97621929369004,46.322035418418125,10.944606799244607,1.747510432405005
ob1000_2.csv,Outer Race Fault,1000,23,0.6388284253703059,0.11268123052710811,0.751509655897414,117.82713059426473,15.708509759619272,12.591357267291318,2.28289636309427
ob1000_2.csv,Outer Race Fault,1000,24,0.6802435665987521,0.05248551621795008,0.7327290828167021,97.82063862610796,15.172386098595517,11.823095681120819,1.4262618562247007
ob1000_2.csv,Outer Race Fault,1000,25,0.6253642160864109,0.05746152297090443,0.6828257390573154,145.88488554046253,51.00797560544242,12.667143708790025,1.1419297669695136
ob1000_2.csv,Outer Race Fault,1000,26,0.6159719631904467,0.08433036200824069,0.7003023251986874,147.62045215631045,49.96215632063396,12.861913552772197,0.8831822328674683
ob1000_2.csv,Outer Race Fault,1000,27,0.6338590294418678,0.12943292177309004,0.7632919512149579,113.37869278079252,43.378574332152816,11.186818977800314,1.9697952289988896
ob1000_2.csv,Outer Race Fault,1000,28,0.744903978614505,0.08617325855535014,0.8310772371698552,96.21267005618799,55.86287625220749,12.182197155132823,1.254408530107369
ob1000_2.csv,Outer Race Fault,1000,29,0.735055101696096,0.1038376726105827,0.8388927743066787,86.69773177463784,26.993078164640234,12.320216896277511,1.714935507898535
ob1000_2.csv,Outer Race Fault,1000,30,0.7723564303289576,0.09157747089491523,0.8639339012238728,82.87066435415406,17.65008417705576,12.893525314703428,0.8063230208595354
ob1000_2.csv,Outer Race Fault,1000,31,0.6680137141953919,0.15219091161649248,0.8202046258118844,120.8033992319019,56.60354791968459,12.481159841385024,1.1434152925758179
ob1000_2.csv,Outer Race Fault,1000,32,0.5892718366215888,0.11139712056305927,0.7006689571846481,133.8336595813955,60.54318925595577,11.43644913903635,2.007286049105021
ob1000_2.csv,Outer Race Fault,1000,33,0.601990496804287,0.064941531450714,0.666932028255001,120.68859646649764,32.444122554255806,11.737606569465898,0.8017337221887706
ob1000_2.csv,Outer Race Fault,1000,34,0.6423321270115666,0.0909387033739464,0.733270830385513,150.51624202370866,78.87975218087446,12.872769400927202,0.7084757957005543
ob1000_2.csv,Outer Race Fault,1000,35,0.7487790125750875,0.04679408676930892,0.7955730993443965,84.11733533470638,21.106993498329768,12.93948027839669,0.8433584114317764
ob1000_2.csv,Outer Race Fault,1000,36,0.6302088914931682,0.13164409169936006,0.7618529831925283,89.3565280861879,19.962314040797185,10.685660240784516,1.6315390451448555
ob1000_2.csv,Outer Race Fault,1000,37,0.6830510563993915,0.14654829133990144,0.8295993477392929,127.17168949963609,75.34296601822264,13.082692378119097,0.8586219293991249
ob1000_2.csv,Outer Race Fault,1000,38,0.6369532091298176,0.06789937956111108,0.7048525886909287,137.801643006772,52.86146163897963,12.332761226577741,1.9723514496585717
ob1000_2.csv,Outer Race Fault,1000,39,0.6562806957878081,0.04614336170711837,0.7024240574949265,111.401214901093,19.36320775136381,12.191237677779949,1.6742484840086467
tb600_2.csv,Ball Fault,600,0,0.16003510698469298,0.0316781675790373,0.19171327456373027,159.47772319121066,39.173082352890546,3.360292033624596,0.8678031530923279
tb600_2.csv,Ball Fault,600,1,0.12857450422622657,0.10916306603118398,0.23773757025741055,91.71657062093976,60.91680483291473,2.3588688531795965,2.4288407417420523
tb600_2.csv,Ball Fault,600,2,0.13761085972812298,0.0900620823734272,0.22767294210155017,97.38882016712918,106.29777404538876,2.5601315153753297,2.439150911205919
tb600_2.csv,Ball Fault,600,3,0.13817558402660235,0.10147799782382494,0.2396535818504273,103.705171946545,66.99876413355456,2.787369966715141,2.4248107306621307
tb600_2.csv,Ball Fault,600,4,0.16452150599885124,0.09857518050967427,0.2630966865085255,127.02404230257687,91.39773129336896,3.2312418243011516,2.533266728289783
tb600_2.csv,Ball Fault,600,5,0.19374889866870787,0.0933893426760365,0.28713824134474436,128.44382096977142,76.46775759324984,3.8846461970649697,2.4383001656505714
tb600_2.csv,Ball Fault,600,6,0.09218973070094989,0.041025318585018136,0.13321504928596803,79.34134854371675,74.0743318649459,1.4648989747778312,1.0801362506380867
tb600_2.csv,Ball Fault,600,7,0.15389308561936726,0.0944600499403594,0.24835313555972666,119.24304252112627,86.66342015516997,3.273295160001839,2.5880985761554056
tb600_2.csv,Ball Fault,600,8,0.2197051502047304,0.13507201129043236,0.35477716149516275,100.1228781238112,69.0586974008521,4.1274969874300265,3.1622855479758356
tb600_2.csv,Ball Fault,600,9,0.10930696921346592,0.09517798408711921,0.20448495330058514,62.38088916267348,69.08577124930886,1.8559074634157569,2.306786169484846
tb600_2.csv,Ball Fault,600,10,0.12975529458235113,0.05821846095399311,0.18797375553634424,160.74450934430072,193.72995389496572,2.911927312426539,2.588537434735137
tb600_2.csv,Ball Fault,600,11,0.18923201268270257,0.13165030030873315,0.3208823129914357,64.25632918047395,39.026932414149684,2.7529257831509986,1.8647236201917632
tb600_2.csv,Ball Fault,600,12,0.13802751132417349,0.1422739709512085,0.280301482275382,55.51595776880909,51.11062665690116,2.1275146495755903,2.826635265352709
tb600_2.csv,Ball Fault,600,13,0.15862136342600527,0.07834099600726493,0.2369623594332702,138.62498420017042,83.37221133889717,3.195910154584477,1.9818526639307854
tb600_2.csv,Ball Fault,600,14,0.10764176653394578,0.055253106951246106,0.16289487348519188,91.35307919269158,70.09821727707016,1.896319237673297,1.2033580132367327
tb600_2.csv,Ball Fault,600,15,0.09327327507900975,0.06501015345091,0.15828342852991975,74.83635381793954,71.8258675367063,1.611075161130892,1.5386629626442396
tb600_2.csv,Ball Fault,600,16,0.1405653575956561,0.05271813334028292,0.19328349093593902,136.94247907171285,80.62585551239845,2.73789420729866,1.1901566553247263
tb600_2.csv,Ball Fault,600,17,0.10563321780498607,0.0874949627047992,0.19312818050978525,58.90232128673517,69.53283038532783,1.700648500763231,1.9430566872856838
tb600_2.csv,Ball Fault,600,18,0.14713067905968016,0.028363014390430753,0.17549369345011093,96.02079240553807,21.980365909174242,2.5793022507532655,0.6100175226403026
tb600_2.csv,Ball Fault,600,19,0.10069244861801066,0.03449222906903068,0.13518467768704134,86.31886664747142,38.9299960577198,1.692894353118162,0.6872916342617166
tb600_2.csv,Ball Fault,600,20,0.10793318935716678,0.057928770662263006,0.1658619600194298,115.93901065573591,126.82839562121838,1.8564872387948799,1.2195345480246274
tb600_2.csv,Ball Fault,600,21,0.1820345661309784,0.1544939510964354,0.33652851722741384,163.82050324955367,142.50270515065327,3.331198705047715,2.455869604064799
tb600_2.csv,Ball Fault,600,22,0.11569567820720147,0.126027695509392,0.24172337371659347,70.45778580784967,84.16582363764273,1.80497040377159,2.553844546174195
tb600_2.csv,Ball Fault,600,23,0.0898047185222485,0.027664703974374566,0.11746942249662307,94.5933760492403,103.58006247882754,1.4276568356509958,1.0024107791347296
tb600_2.csv,Ball Fault,600,24,0.11053504220225056,0.04748200209336809,0.15801704429561866,86.40886976755706,57.44842831526972,1.8663239509788234,1.1715062236681995
tb600_2.csv,Ball Fault,600,25,0.1064140900633093,0.05214356205237496,0.15855765211568426,88.71924331640349,79.78135705695686,1.8937294446694721,1.4613087620518612
tb600_2.csv,Ball Fault,600,26,0.12571617250831252,0.08565594857609601,0.21137212108440853,104.39136574255522,136.00154663822616,2.102085506227592,2.0053084044828196
tb600_2.csv,Ball Fault,600,27,0.14166778498091956,0.04932957562324323,0.19099736060416278,178.6846922664527,121.29327378007652,3.073786206697662,1.4991697375980195
tb600_2.csv,Ball Fault,600,28,0.16669975410568466,0.08015629115157251,0.24685604525725718,140.41648321718418,87.58732293638865,3.395101930806863,2.1373356905728116
tb600_2.csv,Ball Fault,600,29,0.19379629932238948,0.04434278077136909,0.23813908009375856,91.7390477804465,31.700613370151395,3.3690356082181507,0.8008983965678982
tb600_2.csv,Ball Fault,600,30,0.09947408670603895,0.06593625871555153,0.1654103454215905,70.40732618976793,44.84305479682143,1.640070419799558,1.2373732799841517
tb600_2.csv,Ball Fault,600,31,0.1072393005140504,0.06248191726297586,0.16972121777702626,48.65513645905848,26.2631623490376,1.6278947049221937,1.1832431431327135
tb600_2.csv,Ball Fault,600,32,0.2129788427673036,0.10235438258548993,0.3153332253527935,137.00256664163396,84.92735760801844,3.91645025742148,1.9388585739535436
tb600_2.csv,Ball Fault,600,33,0.1425943260210772,0.10151184872166602,0.2441061747427432,124.38878248828678,144.14223726445525,2.8232644280375725,2.6479388942153324
tb600_2.csv,Ball Fault,600,34,0.16714917933334084,0.06792325245621206,0.2350724317895529,155.1321484765983,88.68757778988702,3.4702777643138845,1.9868666175545497
tb600_2.csv,Ball Fault,600,35,0.09335085955475528,0.054064799485792694,0.14741565904054799,83.43788228930669,63.16815072206618,1.6424127271831108,1.5673165867301329
tb600_2.csv,Ball Fault,600,36,0.16034338013639243,0.10260322560040071,0.2629466057367931,91.4205562704569,90.17702888258981,2.9891131262134296,2.5082748152404832
tb600_2.csv,Ball Fault,600,37,0.1165089751668267,0.052783837902591155,0.16929281306941785,116.28041498965669,111.61169021786124,2.209585906954099,1.4794596919307763
tb600_2.csv,Ball Fault,600,38,0.11439515354931835,0.036772192879544925,0.1511673464288633,117.23804048373685,59.63172422936784,2.043634466950657,0.9974649052241368
tb600_2.csv,Ball Fault,600,39,0.14178590118069806,0.09289826452369515,0.2346841657043932,105.70131889802751,83.0131880227534,2.6510279292538024,2.4992130948239777
tb800_2.csv,Ball Fault,800,0,0.22744761796234442,0.15724441879149942,0.38469203675384384,129.06074071923098,98.74471264691014,4.150098371720326,2.8655050179703014
tb800_2.csv,Ball Fault,800,1,0.1936612642890348,0.058609022159837834,0.2522702864488726,169.01712412919224,69.7078143084377,4.028881708458687,1.4105716603353284
tb800_2.csv,Ball Fault,800,2,0.2811319772853193,0.14482023341965988,0.4259522107049792,136.65182964753416,72.96934586384197,5.018641046230628,2.2322190591184565
tb800_2.csv,Ball Fault,800,3,0.2668540955255,0.13721240682506933,0.4040665023505693,105.04934266864454,68.47595191983739,4.4342417043077145,2.5314090661555095
tb800_2.csv,Ball Fault,800,4,0.20709150491355874,0.10448279228746575,0.3115742972010245,130.3181197770744,30.7348998359116,3.910712891915498,1.9085925791069216
tb800_2.csv,Ball Fault,800,5,0.1892890341719715,0.07609420259217306,0.26538323676414455,107.62168739560825,51.62228174746142,3.4481209484052378,1.6348052675876081
tb800_2.csv,Ball Fault,800,6,0.1642077198711242,0.10654936192498701,0.27075708179611124,95.83827860512777,67.75954513137724,2.874396036806866,1.8296686060953702
tb800_2.csv,Ball Fault,800,7,0.2672439737593769,0.08560904934925755,0.3528530231086345,150.28007298543977,52.213265337883115,5.156480221340627,2.069974347334307
tb800_2.csv,Ball Fault,800,8,0.21013621492358786,0.06251911714027844,0.2726553320638663,197.84822406773256,79.32477403655002,4.502156099095059,1.4860590083957799
tb800_2.csv,Ball Fault,800,9,0.2319883402178841,0.18281178631904038,0.41480012653692444,99.74025364460512,81.0621618100386,3.7995889897263155,2.7761093169891766
tb800_2.csv,Ball Fault,800,10,0.191600605704552,0.14726564695412572,0.33886625265867776,92.67467661803286,77.50648168848825,3.4101854537582055,2.7748180989580753
tb800_2.csv,Ball Fault,800,11,0.2796156495272958,0.14145479107394235,0.4210704406012381,113.64810656555615,42.185976368318876,4.775158143670894,2.1370726064594225
tb800_2.csv,Ball Fault,800,12,0.20910056550799067,0.05951080528115734,0.268611370789148,113.55580247647099,45.812195278795066,3.750262723717202,1.1699549513603889
tb800_2.csv,Ball Fault,800,13,0.21638341254439694,0.12284062108761505,0.339224033632012,104.64790874230724,54.77592122068412,3.7717421356539056,2.0323378530076472
tb800_2.csv,Ball Fault,800,14,0.21749458619313353,0.13942952592340832,0.35692411211654185,88.50868660280142,76.42252449835779,3.982911793348196,2.9358028205104856
tb800_2.csv,Ball Fault,800,15,0.22626791113204187,0.13145197418233523,0.3577198853143771,94.23182524539786,40.92090599880808,3.858420566288674,2.534289056419758
tb800_2.csv,Ball Fault,800,16,0.23260776786524037,0.09848536470829514,0.3310931325735355,123.39323681062058,49.05731812115154,4.360599817854945,1.8204950565137399
tb800_2.csv,Ball Fault,800,17,0.1955649667205543,0.10271578385093237,0.2982807505714867,104.37038528873191,45.677569118564286,3.3498023230599614,2.069444205934361
tb800_2.csv,Ball Fault,800,18,0.16864014426630694,0.08737647479179839,0.25601661905810535,96.74271977041045,57.43300206023614,2.989445445555996,2.035060741553963
tb800_2.csv,Ball Fault,800,19,0.24686446520966707,0.12425125347573326,0.37111571868540033,88.27750097582214,25.248076869268253,3.9280683262070832,2.1073977981460845
tb800_2.csv,Ball Fault,800,20,0.29705236316659,0.1939575642798107,0.4910099274464007,106.55099034483874,96.1225664040572,4.476655160925661,2.8073188315085797
tb800_2.csv,Ball Fault,800,21,0.2556453109505086,0.12850759031388054,0.3841529012643891,145.6269783632188,51.73398082465383,4.882238756376383,2.024678338224541
tb800_2.csv,Ball Fault,800,22,0.28730588933922474,0.17157930506694888,0.4588851944061736,74.35500536723083,34.25378011200307,4.613074588703398,2.8182036204249568
tb800_2.csv,Ball Fault,800,23,0.18313853146023176,0.11761558351038388,0.30075411497061566,60.99889512995833,45.88936157135235,2.965901520488234,2.6569268589693538
tb800_2.csv,Ball Fault,800,24,0.273127779473148,0.1195524050258967,0.3926801844990447,119.54870187438819,95.06453564108271,4.906599982583113,1.9347028087879288
tb800_2.csv,Ball Fault,800,25,0.2663838439146341,0.1322482891574884,0.39863213307212253,95.50256227263586,71.03214777098944,4.441313180042351,2.330235796695902
tb800_2.csv,Ball Fault,800,26,0.2854750334861441,0.10265878699843961,0.3881338204845837,149.4754370118514,73.24876623479031,5.808026652112074,2.1639700841274485
tb800_2.csv,Ball Fault,800,27,0.25116960073248407,0.09286715563383652,0.3440367563663206,122.16793866138057,59.52376865222757,4.510983988084648,2.204562925031673
tb800_2.csv,Ball Fault,800,28,0.24040272651467168,0.1601649015095235,0.4005676280241952,51.44678742731444,34.351073373578,3.5155229720632897,2.8684284324766676
tb800_2.csv,Ball Fault,800,29,0.2540505046160006,0.13871012163117127,0.3927606262471719,154.45133091464388,77.0093684665159,5.076550581053349,2.7840532907192506
tb800_2.csv,Ball Fault,800,30,0.27851927799001064,0.16102663350987864,0.4395459114998893,79.06282902504884,41.73689961472116,4.246291526693642,2.4185470750661047
tb800_2.csv,Ball Fault,800,31,0.2508263234454137,0.09272585002079525,0.343552173466209,134.23957257866886,37.72826788165651,4.6302517726885455,1.407191328218313
tb800_2.csv,Ball Fault,800,32,0.24345869519231766,0.1843649791434727,0.4278236743357904,93.24339873374444,83.93019175546856,4.115638899445735,3.1364230355293463
tb800_2.csv,Ball Fault,800,33,0.24361758785520654,0.11411167794625904,0.3577292658014656,141.80116200572564,106.90097245697855,4.792662075030261,2.3926421309797377
tb800_2.csv,Ball Fault,800,34,0.27600789461167924,0.19020650455304688,0.4662143991647261,97.97049554659813,36.915357975760244,4.19335503067768,2.4433901020460023
tb800_2.csv,Ball Fault,800,35,0.22628465601559808,0.16573241587347895,0.39201707188907703,81.3133622101795,74.17223918236886,3.6418291773140568,3.2544928297808497
tb800_2.csv,Ball Fault,800,36,0.2221549727540204,0.13095209813421854,0.35310707088823895,89.01636515619523,68.27228176356058,3.7736613097129648,2.678199879472939
tb800_2.csv,Ball Fault,800,37,0.29910534797500776,0.14576388227123793,0.4448692302462457,101.40450471887722,33.00046680241619,5.298787247648959,2.483197210051435
tb800_2.csv,Ball Fault,800,38,0.23637392841699376,0.06620593512227503,0.3025798635392688,154.24071604596855,56.253847583133044,4.933046314442911,1.9155805578226976
tb800_2.csv,Ball Fault,800,39,0.33198195020938803,0.1386111331438371,0.47059308335322514,118.2340544420548,46.00274352072198,5.74612206339175,1.8655633472151858
tb1000_2.csv,Ball Fault,1000,0,0.6436462748178073,0.11101638254482492,0.7546626573626323,129.46952067282044,56.04058368995755,11.672922490379154,1.755028865879248
tb1000_2.csv,Ball Fault,1000,1,0.511328533066094,0.23479216443109177,0.7461206974971858,106.87746131252383,51.934133638235835,8.71173980131892,3.649864403817157
tb1000_2.csv,Ball Fault,1000,2,0.6183459794621403,0.09104032511796666,0.709386304580107,106.0862148559348,36.642659431541894,10.082330568721282,1.766342238745711
tb1000_2.csv,Ball Fault,1000,3,0.5617454675987088,0.2642053446316019,0.8259508122303107,77.20583231864542,16.15971468219816,8.359462950843696,4.013822866128682
tb1000_2.csv,Ball Fault,1000,4,0.6135544151808565,0.09140001024557162,0.7049544254264282,127.18739717922858,30.70131234305491,11.375339431418515,1.6401103582356997
tb1000_2.csv,Ball Fault,1000,5,0.5542003346328289,0.12240550020688419,0.6766058348397131,105.10671345302008,42.079822602429786,9.617888977173187,3.170989314575849
tb1000_2.csv,Ball Fault,1000,6,0.573829294507688,0.1320906962683836,0.7059199907760716,94.9950774438237,32.00799789141698,10.002818662544914,1.2657255868343609
tb1000_2.csv,Ball Fault,1000,7,0.4936117082239083,0.11116276361285457,0.6047744718367629,132.13394624178287,75.36028909651549,9.445882376190804,3.8112257831128784
tb1000_2.csv,Ball Fault,1000,8,0.5021458897256871,0.22040018685787277,0.7225460765835598,76.70071863869637,19.654602409876887,8.044583283481433,2.9442539446506695
tb1000_2.csv,Ball Fault,1000,9,0.5052053961072027,0.08411807901326487,0.5893234751204676,89.62831955259722,46.50630862112009,8.355631269013237,2.9133134938808904
tb1000_2.csv,Ball Fault,1000,10,0.5336547541303146,0.1412633275635533,0.6749180816938679,115.70729560229395,19.8409491055417,9.42408309311811,2.26791265263532
tb1000_2.csv,Ball Fault,1000,11,0.5980402924883442,0.2166674324282674,0.8147077249166116,133.6675560681985,118.10755695663008,10.299174040630287,2.5136490545866
tb1000_2.csv,Ball Fault,1000,12,0.6172120247518456,0.22175159399071795,0.8389636187425635,83.53982014253714,32.914495943489705,9.328222936276017,3.306382800682096
tb1000_2.csv,Ball Fault,1000,13,0.5115915964325396,0.19896062599948533,0.7105522224320249,100.97165401038221,19.82256441800849,8.326718436397426,3.0404374396960625
tb1000_2.csv,Ball Fault,1000,14,0.5868689988330915,0.11389432770681926,0.7007633265399108,103.48459903209914,42.111586959055145,9.82218632086209,1.9789901396273994
tb1000_2.csv,Ball Fault,1000,15,0.5521316058948516,0.09911533675411693,0.6512469426489684,105.65920726861955,42.89285268821477,9.598528903476003,2.3509670331655292
tb1000_2.csv,Ball Fault,1000,16,0.6125357820658704,0.13291574858233782,0.7454515306482082,77.078905598962,33.632401034522864,9.650259470376714,3.302519591114909
tb1000_2.csv,Ball Fault,1000,17,0.5474361115366364,0.26802092683570927,0.8154570383723456,74.50281367833152,38.82609799364198,7.919550642685553,4.025858985080611
tb1000_2.csv,Ball Fault,1000,18,0.5452672303661015,0.16025281840629216,0.7055200487723936,104.18669985239474,60.432457367543975,9.237075360988566,2.2287452684536304
tb1000_2.csv,Ball Fault,1000,19,0.6135323136007929,0.1634657904585967,0.7769981040593895,119.06620886747825,14.000578740437964,11.353505460951549,2.476748374393402
tb1000_2.csv,Ball Fault,1000,20,0.5952948359416244,0.2283939042035509,0.8236887401451752,86.3464805870263,31.847619227745447,9.294342021741112,3.602861160322756
tb1000_2.csv,Ball Fault,1000,21,0.49102581600009376,0.2129804296441303,0.7040062456442241,97.31255554532922,47.56572873141615,8.348802695778948,3.4195697130980016
tb1000_2.csv,Ball Fault,1000,22,0.4768301279742458,0.19274865670960326,0.669578784683849,81.08231970209813,29.62994907216848,7.3285589709315015,3.168611749039196
tb1000_2.csv,Ball Fault,1000,23,0.5188750694332519,0.25023551717438414,0.769110586607636,75.301024409105,28.671812349661682,7.871228284903575,4.266997502384255
tb1000_2.csv,Ball Fault,1000,24,0.5607717780488202,0.24491288986179055,0.8056846679106107,78.29045640015299,12.107463432707997,8.741266346961746,3.4302967126701813
tb1000_2.csv,Ball Fault,1000,25,0.653600726398735,0.17482517031846692,0.8284258967172019,61.60580228976589,16.405723268380207,9.070013355764717,3.6128436423301142
tb1000_2.csv,Ball Fault,1000,26,0.5496927746652379,0.05057806859783802,0.6002708432630759,141.12939392771833,76.88706755135452,10.227217351025493,2.305778980974424
tb1000_2.csv,Ball Fault,1000,27,0.4757292822021024,0.2706497320340707,0.7463790142361731,69.13452540325093,22.006458421441444,7.254459552180252,4.360368520367646
tb1000_2.csv,Ball Fault,1000,28,0.4699915953722453,0.20785904315923875,0.677850638531484,99.1969124904314,23.542674984547162,7.831445199762402,2.887309263422319
tb1000_2.csv,Ball Fault,1000,29,0.5241647078844253,0.11045875406500784,0.6346234619494331,153.26783627892695,35.0694336304788,11.041364403846526,2.1343489851946043
tb1000_2.csv,Ball Fault,1000,30,0.5978939488466792,0.1996103505297155,0.7975042993763948,80.04473320744566,27.512438692667082,8.949050378053139,3.100886677435167
tb1000_2.csv,Ball Fault,1000,31,0.5682488456792292,0.07489539613270324,0.6431442418119324,108.50614104211577,79.37851587895553,10.165737194453094,2.5909092625473242
tb1000_2.csv,Ball Fault,1000,32,0.5853952036147844,0.3182008783213402,0.9035960819361246,68.91172349023121,22.840259381162653,8.367866311437567,4.787628263788499
tb1000_2.csv,Ball Fault,1000,33,0.41393094861606927,0.12543063168816512,0.5393615803042344,96.50058656293922,48.13011695445703,6.782649365109234,2.2266771500411493
tb1000_2.csv,Ball Fault,1000,34,0.5946985349399252,0.1177582716992315,0.7124568066391567,81.20269620141212,16.335938422441526,9.9281393643257,2.5644922131349164
tb1000_2.csv,Ball Fault,1000,35,0.5259115449203724,0.13450038099316022,0.6604119259135326,117.93039692108414,17.87473328514692,9.864828941064058,3.0886731863424446
tb1000_2.csv,Ball Fault,1000,36,0.6202858313311733,0.12938885565460054,0.7496746869857739,89.67739230395873,23.826087256432913,10.581429389807743,2.738367713944541
tb1000_2.csv,Ball Fault,1000,37,0.5938778304826673,0.14481642626854085,0.7386942567512081,88.33127199845657,27.816456808199497,9.005206276371025,1.7320969605759622
tb1000_2.csv,Ball Fault,1000,38,0.4332578912383629,0.14487092118316738,0.5781288124215302,110.82750070748321,74.00280921063468,7.631975367664952,3.3542511621901805
tb1000_2.csv,Ball Fault,1000,39,0.5375850522765266,0.26644668553283635,0.804031737809363,118.73594902342661,76.07972707109782,8.53981345555207,3.7876655659558844
n600_3_2.csv,Normal,600,0,0.06226691636572892,0.00650278695688004,0.06876970332260895,3.462572239077673,4.821266731226366,0.4005748297328918,0.17589934192361087
n600_3_2.csv,Normal,600,1,0.06328683903051854,0.0027592720691231483,0.06604611109964169,5.639928198863816,4.146102023658639,0.5186009233464077,0.13814813515684707
n600_3_2.csv,Normal,600,2,0.06953640776926426,0.017343655852932287,0.08688006362219655,9.421305201716951,17.172761798507565,0.5444612149951327,0.3904237040058812
n600_3_2.csv,Normal,600,3,0.07059202172763561,0.012256432676803647,0.08284845440443926,17.517180091172378,26.7441984023303,0.6552008363561181,0.4288548332496552
n600_3_2.csv,Normal,600,4,0.06271051381811461,0.004610873152896935,0.06732138697101155,3.267973138107054,2.994182653356632,0.4407412274885984,0.15865630553578364
n600_3_2.csv,Normal,600,5,0.06469637927124125,0.005890444503875694,0.07058682377511695,4.953620637870524,3.8575699589211507,0.5185100718800043,0.13694386764358815
n600_3_2.csv,Normal,600,6,0.0604710204502078,0.007408174787032783,0.06787919523724059,1.9807791401848838,2.6570409158578476,0.372440522355738,0.1700186680221077
n600_3_2.csv,Normal,600,7,0.06492502972229115,0.010801766539230684,0.07572679626152183,7.978079385558314,8.770717501517783,0.5704156100880942,0.2875888028846823
n600_3_2.csv,Normal,600,8,0.06916385114177664,0.020244623720348607,0.08940847486212525,11.734197872537523,20.725497205421494,0.5601926486827586,0.42488929068638703
n600_3_2.csv,Normal,600,9,0.05887612247297398,0.002001856820729882,0.060877979293703866,0.5183507235724191,0.8536408505869805,0.26415252373262643,0.07360300400407904
n600_3_2.csv,Normal,600,10,0.06442038374682499,0.009453656392386153,0.07387404013921114,4.314347991510607,7.014183206568332,0.4246515280349955,0.3127824808497838
n600_3_2.csv,Normal,600,11,0.06935083916379109,0.013810322737660823,0.08316116190145191,12.237897210457756,14.452207191755186,0.6140623833140616,0.28853295255318107
n600_3_2.csv,Normal,600,12,0.06264757997348777,0.00907990156494933,0.0717274815384371,2.2427139501699425,4.1855745200874575,0.36187516003736764,0.19707924620675246
n600_3_2.csv,Normal,600,13,0.06206319017722535,0.007434460407042562,0.0694976505842679,6.38553969334844,12.868137460583055,0.41208858123370307,0.29479278525894415
n600_3_2.csv,Normal,600,14,0.0579887804268858,0.0022692848545211434,0.060258065281406946,0.567743287020962,0.8783113633017657,0.3019230083030916,0.08027258235786429
n600_3_2.csv,Normal,600,15,0.0581930226533305,0.0020141455694837017,0.0602071682228142,0.6938715917910143,1.646260514648153,0.2584502704208056,0.09777415690846729
n600_3_2.csv,Normal,600,16,0.06062856127396107,0.006409047657193046,0.06703760893115411,4.058020633023057,6.809473511190756,0.3613020223442032,0.24345910279521565
n600_3_2.csv,Normal,600,17,0.06933371676600403,0.012526546168362934,0.08186026293436696,19.556329103942982,25.192938969825903,0.7024588709247823,0.5199737932387317
n600_3_2.csv,Normal,600,18,0.06629595679586484,0.012341696121017223,0.07863765291688206,5.290514584119234,5.397908202988451,0.56340409392275,0.25612781291127135
n600_3_2.csv,Normal,600,19,0.0623082903398595,0.011080975668137087,0.07338926600799658,5.7824217680756975,12.4336062616412,0.4012832668497178,0.3302522315937578
n600_3_2.csv,Normal,600,20,0.06167788909734793,0.00636755512323956,0.06804544422058749,1.2192656840258578,2.2817164804411925,0.3007005239821163,0.12244276459094607
n600_3_2.csv,Normal,600,21,0.08292883651512147,0.03284510358261133,0.11577394009773279,20.350080474088678,25.133083491666767,0.7542593669609492,0.5652945635670374
n600_3_2.csv,Normal,600,22,0.06256601992365207,0.005692237590608646,0.06825825751426072,4.109805159444583,8.778988762257764,0.36222820598548344,0.21413664671540308
n600_3_2.csv,Normal,600,23,0.060466625017803664,0.0032925710656463133,0.06375919608344997,1.1307304807249152,1.355719693131105,0.33834947796884424,0.1405314676696075
n600_3_2.csv,Normal,600,24,0.0759685201763959,0.017267564395006364,0.09323608457140226,17.656889540233088,18.569798383920865,0.7132021335540355,0.42674423856983185
n600_3_2.csv,Normal,600,25,0.05931362043322639,0.00047068605147964823,0.059784306484706035,0.3938314431730395,0.4742116730321359,0.2841874519831291,0.02909210653373818
n600_3_2.csv,Normal,600,26,0.06058694524021666,0.004109647522250387,0.06469659276246705,0.8238526109831309,1.2675691250963947,0.2993466966438819,0.10340943241669716
n600_3_2.csv,Normal,600,27,0.06785581527619393,0.01437670738469501,0.08223252266088894,14.03998278967048,23.641052877041616,0.5411239327732418,0.45764109385053947
n600_3_2.csv,Normal,600,28,0.06701857348876042,0.007456445831121135,0.07447501931988156,3.714112844752286,2.8472947790246095,0.44340025424349366,0.1460832275576369
n600_3_2.csv,Normal,600,29,0.06252209298680539,0.0031485964643865765,0.06567068945119196,1.2492346671355576,2.0018633371699526,0.34643235726337196,0.12330384966409273
n600_3_2.csv,Normal,600,30,0.06960023971769243,0.011272279137020077,0.0808725188547125,12.103473547625562,14.544714320543711,0.6904250921722714,0.3749520252668325
n600_3_2.csv,Normal,600,31,0.07042600086364695,0.01890905344122519,0.08933505430487214,13.642015666149325,24.211393376659878,0.598105437858935,0.4273183399067917
n600_3_2.csv,Normal,600,32,0.06895029073498922,0.013098539604469096,0.08204883033945831,7.975037653860795,11.247509697565327,0.5272555408808662,0.33247317843152635
n600_3_2.csv,Normal,600,33,0.06980104528136193,0.02069445430878746,0.09049549959014938,7.598633584690269,14.24388356739429,0.49979538520310085,0.40559139650906784
n600_3_2.csv,Normal,600,34,0.060641051035249846,0.0025198976175069866,0.06316094865275683,0.717939998787607,0.9786404555197451,0.29230668438028645,0.0690592457991947
n600_3_2.csv,Normal,600,35,0.06560525645828766,0.009125878079647312,0.07473113453793497,4.53294794031047,9.475555051633897,0.3924268197933035,0.2776360632380678
n600_3_2.csv,Normal,600,36,0.07535249939894044,0.029420234427428908,0.10477273382636934,11.525824387406862,21.197454045595542,0.5835812212348642,0.49333961660173964
n600_3_2.csv,Normal,600,37,0.0744798846592178,0.00962439047890437,0.08410427513812217,17.636553623776123,17.214544898485663,0.7256546219979569,0.3673416026075937
n600_3_2.csv,Normal,600,38,0.07062036103453122,0.012728428873524546,0.08334878990805576,7.371136797994707,10.090783796846463,0.5135511881083671,0.282570938670788
n600_3_2.csv,Normal,600,39,0.06626671628147855,0.008201440747355031,0.07446815702883358,4.146564739273848,6.758369868187594,0.44435016614223644,0.2135792154483748
n800_3_2.csv,Normal,800,0,0.13358080915477824,0.011752848170818836,0.14533365732559708,2.3153870384622657,2.541006239774205,0.783040382051958,0.34923062829183
n800_3_2.csv,Normal,800,1,0.13986001518625846,0.022195057352060864,0.16205507253831933,4.344476245665014,6.3160022866570085,0.932518881688811,0.4790163592199615
n800_3_2.csv,Normal,800,2,0.1385927793093439,0.013514781942691059,0.15210756125203498,3.09832969948724,5.5977233516479386,0.8171719910412392,0.42713044884966417
n800_3_2.csv,Normal,800,3,0.14592530295798462,0.04215251458181046,0.18807781753979508,9.534371087578297,20.16156784158645,1.0205689990298612,0.9668145970971942
n800_3_2.csv,Normal,800,4,0.13412169737504948,0.013589969589655082,0.14771166696470456,3.540968235393213,4.514566183264731,0.8581523683886136,0.4115407338084643
n800_3_2.csv,Normal,800,5,0.14350268960599777,0.010146621276792429,0.15364931088279019,7.397430458828521,8.618472267809295,1.1327452195729568,0.44763031275480725
n800_3_2.csv,Normal,800,6,0.13015809352181787,0.005383155094751744,0.1355412486165696,0.5658960765631297,0.5820684295283367,0.5972700391581824,0.1326922134562505
n800_3_2.csv,Normal,800,7,0.13560919444811387,0.012715480231712433,0.1483246746798263,2.733542575776129,3.2045590524442864,0.8740109214231782,0.36609816514156707
n800_3_2.csv,Normal,800,8,0.13473471483548108,0.005424002231005853,0.14015871706648694,2.8679455568591843,3.5754773888957083,0.9198142479824487,0.29659442407094944
n800_3_2.csv,Normal,800,9,0.13878186103293633,0.0056192982166717335,0.14440115924960806,0.8681250948240635,0.5212089134705411,0.6916405545240565,0.11390348402722643
n800_3_2.csv,Normal,800,10,0.14118065984184813,0.011115225741017901,0.15229588558286603,3.854590611596451,3.082736799609051,1.0493546585909852,0.36278866954893624
n800_3_2.csv,Normal,800,11,0.14982467441302594,0.024696354745747696,0.17452102915877363,11.244073241230417,11.01420412270699,1.3615594491157004,0.7878817138183061
n800_3_2.csv,Normal,800,12,0.13545671552716504,0.010686696447808335,0.14614341197497338,3.914264654720914,5.920716062272806,0.8791299914115303,0.5423591732896081
n800_3_2.csv,Normal,800,13,0.1478696622708135,0.020772070433390126,0.16864173270420363,8.968906543558585,14.982277665051255,1.169408358358294,0.9041041292072373
n800_3_2.csv,Normal,800,14,0.14874497093423256,0.019507030919979986,0.16825200185421255,5.179137683531378,7.155482727898268,1.0253209461887836,0.4697796400185567
n800_3_2.csv,Normal,800,15,0.14237156663558706,0.020515219589352925,0.16288678622494,4.32251546896387,6.6512623977550644,0.9540737326454835,0.6932562195876639
n800_3_2.csv,Normal,800,16,0.14410757570025665,0.027196857283709165,0.1713044329839658,3.643037543218708,6.113159568078254,0.8415332238746437,0.41996642594759703
n800_3_2.csv,Normal,800,17,0.14566116805933038,0.02830551587956658,0.17396668393889697,6.1872344125061876,12.948681667827598,0.9583521404592286,0.7987627757227643
n800_3_2.csv,Normal,800,18,0.13840372414295832,0.01606942210555736,0.15447314624851569,2.154177303283602,2.988846112700339,0.7525184823007219,0.32164635315637097
n800_3_2.csv,Normal,800,19,0.13596834623561502,0.017209862834674742,0.15317820907028976,2.1154127669435834,3.8094756843453044,0.7756199870436812,0.3746620596425486
n800_3_2.csv,Normal,800,20,0.1547878721853187,0.0392854369413145,0.1940733091266332,9.552207511888762,17.179867578974825,1.2349137766976797,0.9096014110601296
n800_3_2.csv,Normal,800,21,0.13531379438486107,0.010631206874001462,0.14594500125886253,3.103391757071665,3.098290939342768,0.9557143526886076,0.333303280238157
n800_3_2.csv,Normal,800,22,0.13288560356677595,0.014115416312887957,0.1470010198796639,2.9525254304895165,6.660768395314632,0.7735128519361687,0.6034475247205914
n800_3_2.csv,Normal,800,23,0.1443556845594467,0.02032995811851008,0.16468564267795677,10.023595747025816,14.253247897234855,1.1233503070423927,0.8393567932916152
n800_3_2.csv,Normal,800,24,0.1286490107965637,0.006293478578968867,0.13494248937553258,0.5321260176671927,0.8622429590357534,0.6238371753272712,0.1882988441072232
n800_3_2.csv,Normal,800,25,0.14094135504071387,0.012432627080416913,0.1533739821211308,1.9012909939849685,1.5440618612489283,0.8200669499200866,0.17081133508980387
n800_3_2.csv,Normal,800,26,0.1441629161616226,0.02485987987521797,0.16902279603684056,9.717999406277531,16.472502726704786,1.1230330189643893,0.8454745274014785
n800_3_2.csv,Normal,800,27,0.13267929231335476,0.006486483730199227,0.13916577604355398,0.6086400493471003,0.3970440118629453,0.65796452474227,0.0928367777692203
n800_3_2.csv,Normal,800,28,0.1349968338204996,0.009238989692477788,0.1442358235129774,1.9386938843663148,2.4410162124381665,0.8298149449674753,0.3497350415610013
n800_3_2.csv,Normal,800,29,0.13817636173806916,0.014986733778863972,0.15316309551693313,7.904012757914359,15.175347149189971,0.9796417102173575,0.7336983127670264
n800_3_2.csv,Normal,800,30,0.13752939770750677,0.008571085352645927,0.1461004830601527,2.74021379898306,2.873358937865638,0.896605687648821,0.3134662667339119
n800_3_2.csv,Normal,800,31,0.15750779954612884,0.0395403114295739,0.19704811097570274,6.949286565101319,13.44916696619475,1.1864770891900391,0.9994189862893867
n800_3_2.csv,Normal,800,32,0.1456626527068124,0.028239787061149532,0.17390243976796194,7.046378372239955,13.583004349891787,1.0488595676950228,0.7562573344190784
n800_3_2.csv,Normal,800,33,0.1467180292524154,0.014820444806683186,0.16153847405909857,9.738257324561816,12.297786998292219,1.2086599519016192,0.48879693662274654
n800_3_2.csv,Normal,800,34,0.1290777130901666,0.002650187288894491,0.1317279003790611,0.6731428494456289,0.4919433005324209,0.6951182385743182,0.12842685114536287
n800_3_2.csv,Normal,800,35,0.127711298146546,0.005245593104973908,0.1329568912515199,0.7741415219143393,0.8873081206460375,0.6770947005406731,0.213088118785774
n800_3_2.csv,Normal,800,36,0.14263809547306294,0.011743059903165248,0.15438115537622818,4.787967536153584,6.269134277200468,1.1170839808586468,0.5062935631121219
n800_3_2.csv,Normal,800,37,0.1353919011477728,0.013058631058635384,0.1484505322064082,1.941080361825184,2.9753780308693063,0.8071337649975898,0.3347556565830995
n800_3_2.csv,Normal,800,38,0.13326967981314858,0.005399364360709362,0.13866904417385795,1.1974146404708674,0.9927060961853994,0.7771592744760113,0.1521899828129518
n800_3_2.csv,Normal,800,39,0.12444763082711445,0.006449668832718412,0.13089729965983285,0.014949481131892917,0.15581890699467346,0.5018794540285352,0.08493925679286497
n1000_3_2.csv,Normal,1000,0,0.1898244689329123,0.008978445442200953,0.19880291437511324,1.2496614157995318,1.5356704582939342,1.0391489570730514,0.32461341816479244
n1000_3_2.csv,Normal,1000,1,0.19772162416607691,0.018782086018622426,0.21650371018469933,3.904669261249076,3.636781965385806,1.4072408382984325,0.5795692018750832
n1000_3_2.csv,Normal,1000,2,0.1883100664235307,0.015559844550248786,0.2038699109737795,0.8189119845281262,0.8903105084118326,0.9363899615758235,0.22519609272740806
n1000_3_2.csv,Normal,1000,3,0.20459719819333122,0.027614313401585353,0.23221151159491657,5.08629951081606,7.738602987075358,1.3180493627852385,0.7774900497246683
n1000_3_2.csv,Normal,1000,4,0.1899939811495443,0.011597323028473765,0.20159130417801807,1.234366978044319,1.6912918287904488,1.0531359578526804,0.45954562671725113
n1000_3_2.csv,Normal,1000,5,0.184757436776096,0.007309419652735244,0.19206685642883123,0.8048728938253319,0.8899907682450354,1.017889024170461,0.3177333928680405
n1000_3_2.csv,Normal,1000,6,0.18366709541359336,0.005863879236814327,0.1895309746504077,0.4636117228027149,0.6305933966973336,0.809349711460485,0.17851599309410118
n1000_3_2.csv,Normal,1000,7,0.20195875442102906,0.021746936758157198,0.22370569117918626,2.5957010314451687,3.3718716345570705,1.2734306745356303,0.5795934847960106
n1000_3_2.csv,Normal,1000,8,0.20191450619675844,0.016807434000809182,0.21872194019756763,5.782297071220585,9.22657978766672,1.538152413812058,0.7273451566952437
n1000_3_2.csv,Normal,1000,9,0.18945114321655318,0.012194493703559768,0.20164563692011295,1.4935490508193088,2.6142856088222777,0.9933009241909538,0.37971755571211724
n1000_3_2.csv,Normal,1000,10,0.20387549587790668,0.01169370201569798,0.21556919789360465,1.2802523310899678,0.7867138863167461,1.0851448590300137,0.14800356662421926
n1000_3_2.csv,Normal,1000,11,0.18784573976212368,0.009081775026263937,0.19692751478838763,0.6921934273010923,0.9344660344615638,0.926273069037536,0.31769964630028213
n1000_3_2.csv,Normal,1000,12,0.2087769651233188,0.005734954942749382,0.2145119200660682,4.731878281306162,4.4879527067609,1.5666736476941994,0.5111139136791181
n1000_3_2.csv,Normal,1000,13,0.21795515588101072,0.02982322632347685,0.24777838220448756,7.480357529678107,8.421007377130552,1.6256841127222095,0.8022568718115506
n1000_3_2.csv,Normal,1000,14,0.19392716509855087,0.010151224213386293,0.20407838931193717,1.374071913738753,1.1945655479218595,1.1118475037350057,0.3042456934372626
n1000_3_2.csv,Normal,1000,15,0.18653357723973515,0.008615162579821234,0.19514873981955638,0.9790653455388793,0.8767340555395251,0.9359168765860237,0.17761012361640802
n1000_3_2.csv,Normal,1000,16,0.18739351420968614,0.01411383848126946,0.2015073526909556,0.8902800382342431,1.05174136866748,1.0081709195149855,0.3022595477657647
n1000_3_2.csv,Normal,1000,17,0.20059825926022956,0.022265345418634123,0.22286360467886368,2.5958227435782417,3.849678041219046,1.2512630787908248,0.5716920505575102
n1000_3_2.csv,Normal,1000,18,0.17881054596662027,0.009119446766732122,0.1879299927333524,0.681217587055593,1.0752455259682268,0.9344200262068059,0.3100005213837322
n1000_3_2.csv,Normal,1000,19,0.23085082392437845,0.04288340421072529,0.27373422813510373,13.860873519599432,10.479358263072044,2.169948393981501,0.8407804432337987
n1000_3_2.csv,Normal,1000,20,0.20418411801590816,0.015125719834412294,0.21930983785032046,6.426815921622927,7.339775727600301,1.4945080068798045,0.6198736653319068
n1000_3_2.csv,Normal,1000,21,0.2438043307900833,0.08979355494192014,0.33359788573200344,4.445965716887108,5.918903740782744,1.5692868336380008,0.7914113436415784
n1000_3_2.csv,Normal,1000,22,0.19672712703330017,0.008887778999625756,0.20561490603292593,2.7111849440637577,2.5562607939324957,1.3807979740593088,0.559700107594472
n1000_3_2.csv,Normal,1000,23,0.20594312840480306,0.027273804701126225,0.23321693310592928,5.882905129594049,5.251911374598337,1.5935095892659763,0.7969886897213319
n1000_3_2.csv,Normal,1000,24,0.2049803160376326,0.02731357668070302,0.23229389271833562,6.680606245797449,12.095949048546304,1.397715420131537,0.7375581551426105
n1000_3_2.csv,Normal,1000,25,0.19423341827944157,0.01664351394525769,0.21087693222469928,2.1741477410843886,2.452989507308038,1.293628532324282,0.47156530065678676
n1000_3_2.csv,Normal,1000,26,0.19506277890756402,0.012460714554494875,0.2075234934620589,0.776095078447754,0.7645062508926617,0.9345590301693907,0.22670179331556242
n1000_3_2.csv,Normal,1000,27,0.1967729432916642,0.0265142979464298,0.223287241238094,3.048200499840435,5.64573226079596,1.1964483001279205,0.6836508990151902
n1000_3_2.csv,Normal,1000,28,0.22474713888360887,0.03735295343729954,0.2621000923209084,8.27704041278799,9.807309801499148,1.758589009537904,0.8249718784367126
n1000_3_2.csv,Normal,1000,29,0.18544932899143302,0.011429799339866018,0.19687912833129903,1.711212194044058,2.266376441456319,1.2015555773655748,0.47797776157604177
n1000_3_2.csv,Normal,1000,30,0.20693233471558795,0.028598061864876328,0.23553039658046426,5.020296533130659,7.082521971789126,1.5742210508461156,0.5982234757604725
n1000_3_2.csv,Normal,1000,31,0.18636943723315272,0.011507625210110348,0.19787706244326306,1.4724259194003508,1.3599687504102749,1.194018602553176,0.3487657864157772
n1000_3_2.csv,Normal,1000,32,0.19455432025168345,0.01823986520149082,0.21279418545317427,6.0135486286674595,8.004037973219372,1.3640515063345608,0.850093434560479
n1000_3_2.csv,Normal,1000,33,0.20297348984300667,0.0217347841971353,0.224708274040142,1.8016698595602882,1.162565498197838,1.1315987356383495,0.33138920553527484
n1000_3_2.csv,Normal,1000,34,0.18172784321626606,0.0076427637870755795,0.18937060700334163,0.4545742080551246,0.5724840547575234,0.8655607226285819,0.19517797471870252
n1000_3_2.csv,Normal,1000,35,0.1860274962615891,0.008372329185220073,0.19439982544680917,1.2335289115694992,1.0680458602000913,1.006270711240891,0.26046210573648426
n1000_3_2.csv,Normal,1000,36,0.19496978252088934,0.02203225713648533,0.21700203965737466,2.6232997074509234,3.1602587969638267,1.2513247471779523,0.6299338583427059
n1000_3_2.csv,Normal,1000,37,0.19622560942482709,0.022524049182347704,0.2187496586071748,1.7231668047209965,2.803448860899603,1.0631844336951386,0.4348073238854142
n1000_3_2.csv,Normal,1000,38,0.19836997117265806,0.01678536300968079,0.21515533418233884,2.4986379989499268,3.378792076864226,1.2087633541411953,0.4178071485946324
n1000_3_2.csv,Normal,1000,39,0.21918678658296903,0.0409954647788011,0.26018225136177014,8.53802504014296,6.218225046798691,1.9455786803053017,0.7242570545821602
